{
  "final_loss": 8.018704175949097,
  "initial_loss": 34.49375247955322,
  "run_name": "physics_ppt",
  "sample_gzip_complexity_mean": 66.25000000000001,
  "sample_gzip_complexity_std": 15.811998296339928,
  "sample_sequences": [
    [
      2784,
      3708,
      1207,
      1646,
      906,
      3547,
      4247,
      2334,
      1779,
      34,
      265,
      2704,
      2642,
      3804,
      1168,
      1095,
      1081,
      2277,
      1993,
      543,
      543,
      2815,
      2815,
      2815,
      2815,
      3626,
      3626,
      442,
      442,
      442,
      442,
      442,
      442,
      3580,
      3580,
      3580,
      3580,
      3580,
      3580,
      3580,
      3580,
      3580,
      3580,
      3580,
      3580,
      3580,
      3580,
      3580,
      3580,
      3580,
      3580,
      3580,
      3580,
      3580,
      3580,
      3580,
      3580,
      3580,
      3580,
      3580,
      3580,
      3580,
      3580,
      3580,
      3580,
      3580,
      3580,
      3580,
      3580,
      3580,
      3580,
      3580
    ],
    [
      4325,
      5053,
      4743,
      562,
      4961,
      1112,
      2900,
      3214,
      1901,
      1534,
      1756,
      2124,
      1527,
      1534,
      814,
      185,
      189,
      3132,
      1909,
      1909,
      1909,
      2215,
      2215,
      2791,
      2791,
      2791,
      2791,
      2791,
      2791,
      2791,
      2791,
      106,
      106,
      106,
      106,
      106,
      106,
      106,
      106,
      106,
      838,
      838,
      838,
      106,
      106,
      106,
      106,
      106,
      106,
      106,
      106,
      106,
      106,
      106,
      106,
      106,
      106,
      106,
      106,
      106,
      106,
      106,
      106,
      106,
      106,
      106,
      106,
      106,
      106,
      106,
      106,
      106
    ],
    [
      4817,
      2968,
      608,
      2493,
      4877,
      359,
      1499,
      2208,
      2208,
      3596,
      3596,
      3596,
      3596,
      3596,
      837,
      837,
      837,
      3302,
      3745,
      2398,
      1180,
      4082,
      4008,
      2635,
      2017,
      3596,
      3596,
      837,
      837,
      3302,
      3116,
      940,
      555,
      234,
      605,
      329,
      257,
      280,
      2501,
      635,
      1506,
      3934,
      2333,
      1506,
      1740,
      197,
      2518,
      3551,
      1567,
      337,
      1369,
      1369,
      3206,
      3206,
      1741,
      393,
      2264,
      2264,
      2264,
      2264,
      2264,
      2264,
      3889,
      3889,
      3889,
      2806,
      2806,
      2806,
      2806,
      2806,
      2806,
      2806
    ],
    [
      1305,
      4749,
      1608,
      4055,
      3999,
      945,
      4480,
      2733,
      4004,
      3340,
      3432,
      2254,
      3945,
      868,
      4004,
      1823,
      3061,
      2102,
      3531,
      1769,
      1769,
      1654,
      1654,
      1654,
      1654,
      1654,
      1654,
      1654,
      1654,
      1654,
      1654,
      1654,
      1654,
      1654,
      1654,
      1654,
      1654,
      1654,
      1654,
      1654,
      1654,
      1654,
      1654,
      1654,
      1654,
      1654,
      1654,
      1654,
      1654,
      1654,
      1654,
      1654,
      1654,
      1654,
      1654,
      1654,
      1654,
      1654,
      1654,
      1654,
      1654,
      1654,
      1654,
      1654,
      1654,
      1654,
      1654,
      1654,
      1654,
      1654,
      1654,
      1654
    ],
    [
      3120,
      395,
      3839,
      796,
      1098,
      1076,
      566,
      3505,
      1592,
      815,
      1677,
      1894,
      1411,
      3934,
      1710,
      1677,
      3933,
      164,
      2654,
      1779,
      3441,
      1388,
      102,
      1350,
      2265,
      542,
      1548,
      2674,
      2122,
      2122,
      2938,
      2938,
      2968,
      2968,
      2968,
      3959,
      3959,
      3959,
      3959,
      3959,
      3959,
      3959,
      3959,
      3959,
      3959,
      2707,
      3959,
      3959,
      3959,
      3959,
      3959,
      3959,
      3959,
      3959,
      3959,
      3959,
      3959,
      3959,
      3959,
      4096,
      2871,
      2871,
      1440,
      1440,
      1440,
      1440,
      1440,
      1440,
      3666,
      3666,
      3666,
      3666
    ],
    [
      2913,
      3384,
      95,
      3109,
      2503,
      3546,
      4023,
      159,
      3546,
      1878,
      389,
      637,
      1904,
      594,
      2994,
      2156,
      1878,
      2408,
      1345,
      1732,
      1585,
      3461,
      3546,
      3688,
      1933,
      2451,
      2405,
      3486,
      1298,
      1863,
      3937,
      3937,
      3937,
      3937,
      3937,
      100,
      211,
      211,
      1097,
      1097,
      1097,
      1097,
      1097,
      1097,
      1097,
      1097,
      1097,
      1097,
      1097,
      1097,
      1097,
      1097,
      1097,
      1097,
      1097,
      1097,
      1097,
      1097,
      1097,
      1097,
      1097,
      1097,
      1097,
      1097,
      1097,
      1097,
      1097,
      1097,
      1097,
      1097,
      1097,
      1097
    ],
    [
      2005,
      3888,
      3377,
      622,
      1727,
      4290,
      4393,
      2985,
      1461,
      191,
      3167,
      947,
      3627,
      2906,
      1517,
      705,
      787,
      830,
      1964,
      251,
      110,
      1492,
      3849,
      2712,
      2712,
      182,
      182,
      182,
      2574,
      654,
      654,
      654,
      654,
      654,
      654,
      654,
      654,
      654,
      654,
      654,
      654,
      654,
      654,
      654,
      654,
      654,
      654,
      654,
      654,
      654,
      654,
      654,
      654,
      654,
      654,
      654,
      654,
      654,
      654,
      654,
      654,
      654,
      654,
      654,
      654,
      654,
      654,
      654,
      654,
      654,
      654,
      654
    ],
    [
      2984,
      4500,
      648,
      4491,
      3703,
      2732,
      1225,
      1806,
      1345,
      559,
      728,
      4030,
      494,
      932,
      1205,
      1355,
      3126,
      195,
      324,
      921,
      701,
      1157,
      1157,
      1157,
      2652,
      2652,
      3259,
      3259,
      3582,
      2671,
      1798,
      2359,
      1798,
      2910,
      2910,
      620,
      620,
      620,
      620,
      620,
      620,
      620,
      620,
      620,
      620,
      620,
      620,
      620,
      620,
      620,
      620,
      620,
      620,
      620,
      620,
      620,
      620,
      620,
      620,
      620,
      620,
      620,
      620,
      620,
      620,
      620,
      620,
      620,
      620,
      620,
      620,
      620
    ],
    [
      3176,
      4809,
      697,
      5078,
      1927,
      4651,
      468,
      590,
      590,
      1738,
      1738,
      1738,
      1738,
      1738,
      3261,
      1725,
      1725,
      2976,
      2976,
      1479,
      1733,
      2691,
      1137,
      1602,
      3919,
      2516,
      590,
      1738,
      1738,
      2319,
      15,
      1185,
      1479,
      1733,
      1051,
      24,
      3892,
      2546,
      1187,
      40,
      2976,
      671,
      3372,
      4034,
      744,
      836,
      1187,
      3101,
      2467,
      3911,
      517,
      1919,
      1714,
      852,
      960,
      1242,
      346,
      960,
      4096,
      3710,
      3710,
      3710,
      3710,
      3710,
      3710,
      590,
      2252,
      2252,
      2252,
      2090,
      2090,
      2090
    ],
    [
      4003,
      170,
      4142,
      2943,
      1274,
      808,
      1070,
