{
  "final_loss": 24.63763666152954,
  "initial_loss": 37.46676063537598,
  "run_name": "nca_ppt",
  "sample_gzip_complexity_mean": 103.68055555555554,
  "sample_gzip_complexity_std": 8.20532469772292,
  "sample_sequences": [
    [
      9382,
      3292,
      2789,
      644,
      8816,
      95,
      8079,
      5890,
      8880,
      10000,
      9888,
      9889,
      8898,
      9888,
      8088,
      88,
      9080,
      9889,
      9808,
      8808,
      8099,
      8989,
      8088,
      8888,
      9898,
      8998,
      8808,
      8889,
      8888,
      8988,
      8888,
      8088,
      8090,
      988,
      9888,
      8888,
      8088,
      10000,
      8888,
      8088,
      898,
      9988,
      8089,
      9088,
      8908,
      8088,
      889,
      8898,
      8888,
      988,
      880,
      808,
      8888,
      9888,
      8888,
      8908,
      8890,
      8989,
      8889,
      8800,
      88,
      8888,
      8889,
      8090,
      8808,
      8988,
      9908,
      8088,
      8889,
      8888,
      9088,
      888
    ],
    [
      1737,
      4665,
      2701,
      4422,
      9687,
      428,
      114,
      7842,
      10001,
      4227,
      7247,
      4722,
      7244,
      7224,
      2442,
      7447,
      4244,
      7444,
      7474,
      4447,
      4244,
      4747,
      4722,
      4422,
      4727,
      7442,
      4477,
      7747,
      4744,
      4244,
      4242,
      7242,
      2744,
      7472,
      10001,
      4277,
      7242,
      7442,
      4474,
      4274,
      7424,
      7474,
      4472,
      4442,
      2442,
      4442,
      4772,
      4274,
      4447,
      2744,
      4724,
      4444,
      4277,
      2474,
      7744,
      2424,
      4472,
      4274,
      2744,
      2444,
      4442,
      7247,
      4442,
      4224,
      4744,
      4424,
      4244,
      4742,
      4244,
      2244,
      10001,
      2472
    ],
    [
      1933,
      9644,
      7498,
      2103,
      783,
      2359,
      7301,
      3376,
      3397,
      9333,
      10001,
      3379,
      9793,
      3373,
      9339,
      3773,
      3399,
      3337,
      9333,
      7333,
      3993,
      7333,
      3739,
      3337,
      3339,
      3333,
      3337,
      3333,
      3939,
      3333,
      3377,
      3733,
      9333,
      3933,
      3393,
      7339,
      3937,
      9333,
      3933,
      3333,
      3733,
      7339,
      3339,
      3933,
      3933,
      3333,
      10001,
      3393,
      3937,
      3333,
      3973,
      9393,
      9393,
      3933,
      3733,
      3333,
      9399,
      3933,
      3337,
      3330,
      3333,
      7339,
      9393,
      10000,
      3993,
      3333,
      3337,
      7933,
      3333,
      3333,
      3933,
      3333
    ],
    [
      8181,
      3031,
      9484,
      9007,
      2769,
      5231,
      2396,
      4151,
      10001,
      1113,
      1151,
      1531,
      3111,
      1151,
      1111,
      1131,
      311,
      1211,
      1113,
      1111,
      1351,
      1011,
      1115,
      1331,
      311,
      1115,
      1121,
      1111,
      1131,
      1121,
      1111,
      1511,
      1113,
      1111,
      5511,
      1113,
      1113,
      1111,
      1311,
      1111,
      1111,
      1111,
      1111,
      1111,
      10001,
      5311,
      1011,
      1111,
      1111,
      3111,
      1111,
      1111,
      1111,
      1111,
      111,
      1111,
      1111,
      1111,
      1111,
      1111,
      1111,
      1111,
      1111,
      1111,
      1111,
      1111,
      1115,
      1131,
      1111,
      1113,
      1111,
      1111
    ],
    [
      9516,
      4349,
      3201,
      4612,
      2234,
      1300,
      4840,
      3027,
      1002,
      4004,
      10001,
      4004,
      40,
      400,
      340,
      4030,
      4004,
      4040,
      440,
      4040,
      3040,
      300,
      0,
      4000,
      3404,
      40,
      440,
      440,
      4,
      344,
      4010,
      40,
      3400,
      4,
      10001,
      4040,
      440,
      4004,
      4004,
      344,
      3400,
      4,
      4000,
      4,
      404,
      40,
      4004,
      4400,
      30,
      4400,
      3004,
      400,
      4,
      440,
      430,
      43,
      4,
      440,
      404,
      4004,
      4,
      40,
      44,
      404,
      40,
      4400,
      440,
      4400,
      40,
      4004,
      10001,
      0
    ],
    [
      6847,
      5522,
      4691,
      6705,
      6255,
      3386,
      6777,
      2845,
      6662,
      2556,
      6622,
      10000,
      6666,
      5556,
      5655,
      5656,
      5662,
      6656,
      6666,
      6665,
      6665,
      6666,
      6666,
      6655,
      6562,
      6526,
      6766,
      5666,
      6565,
      5666,
      7566,
      6665,
      6655,
      5666,
      2665,
      5656,
      10001,
      6566,
      6662,
      6566,
      5656,
      6666,
      6266,
      5666,
      5766,
      6665,
      6666,
      6656,
      5665,
      6655,
      6656,
      6655,
      5555,
      6565,
      6666,
      6566,
      7656,
      5665,
      2656,
      5656,
      6666,
      6665,
      6665,
      6666,
      6667,
      5556,
      6655,
      6765,
      5656,
      6626,
      6565,
      6556
    ],
    [
      5393,
      9174,
      3507,
      5224,
      1887,
      1464,
      3691,
      1983,
      9911,
      10000,
      1139,
      9139,
      1331,
      9113,
      1931,
      1111,
      3119,
      3113,
      9119,
      3111,
      1191,
      9313,
      3991,
      1113,
      1111,
      3119,
      9131,
      9111,
      3113,
      1131,
      9319,
      9111,
      1119,
      9931,
      3391,
      1111,
      10001,
      1119,
      3911,
      1919,
      9311,
      1119,
      9111,
      9111,
      1391,
      1311,
      9111,
      1311,
      9191,
      3111,
      9113,
      1993,
      9991,
      9119,
      1113,
      1131,
      1999,
      3111,
      1911,
      1311,
      9113,
      1911,
      9911,
      1919,
      1913,
      3911,
      9911,
      9119,
      1119,
      1191,
      1139,
      1119
    ],
    [
      4376,
      9364,
      2780,
      4537,
      6853,
      938,
      7819,
      1626,
      10001,
      6396,
      6886,
      3686,
      6368,
      3663,
      8663,
      6666,
      6683,
      6766,
      6336,
      8668,
      8866,
      8663,
      6368,
      8668,
      3668,
      6686,
      6638,
      8668,
      6863,
      6863,
      6668,
      8668,
      3666,
      6686,
      3668,
      6866,
      8668,
      6866,
      6686,
      6663,
      6866,
      6868,
      6666,
      6388,
      10001,
      6666,
      6686,
      6866,
      6686,
      6686,
      6366,
      6866,
      3666,
      6683,
      8366,
      6886,
      8666,
      3668,
      6686,
      8366,
      3866,
      8636,
      6668,
      6366,
      3666,
      6686,
      6886,
      6666,
      3666,
      6868,
      3666,
      6666
    ],
    [
      3462,
      2569,
      4363,
      3896,
      1539,
      7829,
      2246,
      74,
      10001,
      4344,
      6443,
      4663,
      4664,
      6644,
      4364,
      4664,
      3444,
      6446,
      4646,
      6646,
      4444,
      3664,
      4264,
      6634,
      3664,
      6646,
      10001,
      4346,
      4666,
      4646,
      4666,
      4666,
      6466,
      6446,
      4663,
      6663,
      4634,
      6664,
      4646,
      6446,
      4664,
      4646,
      6466,
      4444,
      6466,
      3664,
      4464,
      6443,
      4644,
      6463,
      6644,
      6646,
      6644,
      4664,
      6643,
      6643,
      4466,
      4466,
      4664,
      6434,
      6446,
      6444,
      10001,
      4664,
      6434,
      4466,
      4466,
      4663,
