{
  "contact_rows_per_scene": {
    "max": 128.0,
    "mean": 0.8856425531914893,
    "median": 0.0,
    "min": 0.0,
    "std": 2.0694029953921884,
    "zero_fraction": 0.6093914893617022
  },
  "feature_constant_like_dims": [
    19
  ],
  "feature_dim_mean": [
    -0.0003074592677876353,
    -0.0010129077127203345,
    0.6739445328712463,
    -0.00014227085921447724,
    -0.00039261498022824526,
    -0.46588727831840515,
    0.0012390143238008022,
    0.008966087363660336,
    -0.6001989245414734,
    0.00246823625639081,
    0.0018160215113312006,
    0.0016127577982842922,
    -0.014529485255479813,
    -0.005394007079303265,
    -0.0060705202631652355,
    1.5628353357315063,
    13.182778358459473,
    1.2573715448379517,
    0.06876397877931595,
    1.0,
    1.1134109497070312,
    0.6739445328712463,
    2.1883463859558105,
    19.657564163208008,
    0.42475414276123047,
    426.6985168457031,
    2.124542236328125,
    -0.46588727831840515
  ],
  "feature_dim_std": [
    1.6018599271774292,
    1.6004899740219116,
    0.5344448685646057,
    0.6328443288803101,
    0.632861316204071,
    1.8321154117584229,
    3.874246835708618,
    3.742173433303833,
    35.45649719238281,
    1.2888038158416748,
    1.3070762157440186,
    0.8281872272491455,
    8.092222213745117,
    7.410782814025879,
    2.641523838043213,
    1.3904163837432861,
    33.373817443847656,
    1.573075294494629,
    0.05373815447092056,
    0.0,
    11.228963851928711,
    0.5344448685646057,
    3.4843151569366455,
    576.9672241210938,
    0.2646329700946808,
    1501.7017822265625,
    0.7836019396781921,
    1.8321154117584229
  ],
  "feature_named_stats": {
    "acceleration_mag": {
      "max": 464.8506774902344,
      "mean": 13.207213401794434,
      "median": 9.809999465942383,
      "min": 0.0,
      "std": 33.35595703125
    },
    "angular_speed": {
      "max": 66.60015869140625,
      "mean": 1.2574336528778076,
      "median": 1.0696032047271729,
      "min": 0.0,
      "std": 1.573118805885315
    },
    "curvature": {
      "max": 108570.546875,
      "mean": 19.660049438476562,
      "median": 1.1858066320419312,
      "min": 0.0,
      "std": 577.1941528320312
    },
    "height": {
      "max": 2.9066383838653564,
      "mean": 0.6739422678947449,
      "median": 0.4463096857070923,
      "min": -0.12053251266479492,
      "std": 0.5344541072845459
    },
    "jerk_mag": {
      "max": 16156.412109375,
      "mean": 426.72442626953125,
      "median": 0.0,
      "min": 0.0,
      "std": 1500.11181640625
    },
    "radial_dist": {
      "max": 4.038278579711914,
      "mean": 2.12453556060791,
      "median": 2.2244296073913574,
      "min": 0.005839409772306681,
      "std": 0.7836164832115173
    },
    "speed": {
      "max": 9.464728355407715,
      "mean": 1.5625741481781006,
      "median": 1.2468165159225464,
      "min": 0.00017919005767907947,
      "std": 1.3904780149459839
    }
  },
  "finite_failures": 0,
  "frames_per_scene": {
    "max": 150.0,
    "mean": 89.99648510638298,
    "median": 90.0,
    "min": 30.0,
    "std": 34.89562284912682
  },
  "interaction_named_stats": {
    "closing_speed": {
      "max": 9.88787841796875,
      "mean": 0.18750989437103271,
      "median": 0.0,
      "min": 0.0,
      "std": 0.6124100685119629
    },
    "contact_flag": {
      "max": 1.0,
      "mean": 0.2806028425693512,
      "median": 0.0,
      "min": 0.0,
      "std": 0.44929376244544983
    },
    "distance": {
      "max": 0.9675116539001465,
      "mean": 0.631202220916748,
      "median": 0.636187732219696,
      "min": 0.2510191798210144,
      "std": 0.09829852730035782
    },
    "impulse_magnitude": {
      "max": 37.8306999206543,
      "mean": 0.9725598692893982,
      "median": 0.0,
      "min": 0.0,
      "std": 2.682577133178711
    },
    "relative_angular_velocity_norm": {
      "max": 104.03185272216797,
      "mean": 2.118488311767578,
      "median": 1.261061191558838,
      "min": 0.0,
      "std": 3.1897010803222656
    },
    "relative_velocity_norm": {
      "max": 13.099326133728027,
      "mean": 1.5410130023956299,
      "median": 1.0024898052215576,
      "min": 0.0,
      "std": 1.8054345846176147
    }
  },
  "interaction_rows_per_scene": {
    "max": 385.0,
    "mean": 3.130963829787234,
    "median": 0.0,
    "min": 0.0,
    "std": 10.42926241077164
  },
  "num_feature_rows": 169142349,
  "num_interaction_rows": 1471553,
  "num_objects": 1879413,
  "num_scenes": 470000,
  "num_shards": 47,
  "objects_per_scene": {
    "max": 6.0,
    "mean": 3.998751063829787,
    "median": 4.0,
    "min": 2.0,
    "std": 1.4142212855185579
  },
  "scene_consistency_failures": 0,
  "tokens_per_scene_estimated": {
    "max": 1155.0,
    "mean": 368.0070531914894,
    "median": 322.0,
    "min": 63.0,
    "std": 199.21399128222126,
    "total_estimated": 172963315
  },
  "trajectory_smoothness_dv_per_frame": {
    "max": 1.2172914743423462,
    "mean": 0.4737466464961317,
    "median": 0.536914736032486,
    "min": 0.027941947802901268,
    "std": 0.1799707109470425
  }
}